country,region,year,usage
Country,Region,Year,Usage(kg/km^2)
Afghanistan,CENTRAL_ASIA,2002,340
Afghanistan,CENTRAL_ASIA,2003,330
Afghanistan,CENTRAL_ASIA,2004,450
Afghanistan,CENTRAL_ASIA,2005,420
Afghanistan,CENTRAL_ASIA,2006,630
Afghanistan,CENTRAL_ASIA,2007,360
Afghanistan,CENTRAL_ASIA,2008,300
Afghanistan,CENTRAL_ASIA,2009,450
Albania,EUROPE,2002,9720
Albania,EUROPE,2003,9890
Albania,EUROPE,2004,10060
Albania,EUROPE,2005,11160
Albania,EUROPE,2006,8510
Albania,EUROPE,2007,8720
Albania,EUROPE,2008,7590
Albania,EUROPE,2009,8940
Algeria,MIDDLE_EAST,2002,960
Algeria,MIDDLE_EAST,2003,600
Algeria,MIDDLE_EAST,2004,2510
Algeria,MIDDLE_EAST,2005,740
Algeria,MIDDLE_EAST,2006,1330
Algeria,MIDDLE_EAST,2007,1500
Algeria,MIDDLE_EAST,2008,860
Algeria,MIDDLE_EAST,2009,1400
Samoa,OCEANIA,2002,0
Samoa,OCEANIA,2003,0
Samoa,OCEANIA,2004,0
Samoa,OCEANIA,2005,0
Samoa,OCEANIA,2006,0
Samoa,OCEANIA,2007,0
Samoa,OCEANIA,2008,0
Samoa,OCEANIA,2009,0
Andorra,EUROPE,2002,0
Andorra,EUROPE,2003,0
Andorra,EUROPE,2004,0
Andorra,EUROPE,2005,0
Andorra,EUROPE,2006,0
Andorra,EUROPE,2007,0
Andorra,EUROPE,2008,0
Andorra,EUROPE,2009,0
Angola,SUB_SAHARAN,2002,170
Angola,SUB_SAHARAN,2003,180
Angola,SUB_SAHARAN,2004,450
Angola,SUB_SAHARAN,2005,230
Angola,SUB_SAHARAN,2006,370
Angola,SUB_SAHARAN,2007,330
Angola,SUB_SAHARAN,2008,830
Angola,SUB_SAHARAN,2009,550
Antigua and Barbuda,MIDDLE_AMERICA,2002,1300
Antigua and Barbuda,MIDDLE_AMERICA,2003,2730
Antigua and Barbuda,MIDDLE_AMERICA,2004,750
Antigua and Barbuda,MIDDLE_AMERICA,2005,600
Antigua and Barbuda,MIDDLE_AMERICA,2006,450
Antigua and Barbuda,MIDDLE_AMERICA,2007,50
Antigua and Barbuda,MIDDLE_AMERICA,2008,350
Antigua and Barbuda,MIDDLE_AMERICA,2009,1330
Argentina,SOUTH_AMERICA,2002,3020
Argentina,SOUTH_AMERICA,2003,4180
Argentina,SOUTH_AMERICA,2004,4530
Argentina,SOUTH_AMERICA,2005,3640
Argentina,SOUTH_AMERICA,2006,4140
Argentina,SOUTH_AMERICA,2007,4930
Argentina,SOUTH_AMERICA,2008,3520
Argentina,SOUTH_AMERICA,2009,2300
Armenia,RUSSIA,2002,3450
Armenia,RUSSIA,2003,2300
Armenia,RUSSIA,2004,3170
Armenia,RUSSIA,2005,2270
Armenia,RUSSIA,2006,2780
Armenia,RUSSIA,2007,1530
Armenia,RUSSIA,2008,1820
Armenia,RUSSIA,2009,2970
Australia,OCEANIA,2002,4760
Australia,OCEANIA,2003,4620
Australia,OCEANIA,2004,5090
Australia,OCEANIA,2005,4490
Australia,OCEANIA,2006,4350
Australia,OCEANIA,2007,4680
Australia,OCEANIA,2008,4260
Australia,OCEANIA,2009,3630
Austria,EUROPE,2002,23500
Austria,EUROPE,2003,29710
Austria,EUROPE,2004,13140
Austria,EUROPE,2005,13570
Austria,EUROPE,2006,13070
Austria,EUROPE,2007,11020
Austria,EUROPE,2008,11000
Austria,EUROPE,2009,8340
Azerbaijan,RUSSIA,2002,1040
Azerbaijan,RUSSIA,2003,760
Azerbaijan,RUSSIA,2004,1200
Azerbaijan,RUSSIA,2005,1340
Azerbaijan,RUSSIA,2006,1330
Azerbaijan,RUSSIA,2007,1060
Azerbaijan,RUSSIA,2008,2090
Azerbaijan,RUSSIA,2009,1340
Bahrain,MIDDLE_EAST,2002,896450
Bahrain,MIDDLE_EAST,2003,10350
Bahrain,MIDDLE_EAST,2004,0
Bahrain,MIDDLE_EAST,2005,290670
Bahrain,MIDDLE_EAST,2006,943660
Bahrain,MIDDLE_EAST,2007,79860
Bahrain,MIDDLE_EAST,2008,199330
Bahrain,MIDDLE_EAST,2009,94780
Bangladesh,SOUTH_ASIA,2002,18860
Bangladesh,SOUTH_ASIA,2003,16030
Bangladesh,SOUTH_ASIA,2004,17070
Bangladesh,SOUTH_ASIA,2005,19770
Bangladesh,SOUTH_ASIA,2006,19320
Bangladesh,SOUTH_ASIA,2007,18440
Bangladesh,SOUTH_ASIA,2008,20010
Bangladesh,SOUTH_ASIA,2009,18890
Barbados,MIDDLE_AMERICA,2002,4590
Barbados,MIDDLE_AMERICA,2003,7970
Barbados,MIDDLE_AMERICA,2004,21420
Barbados,MIDDLE_AMERICA,2005,10910
Barbados,MIDDLE_AMERICA,2006,13900
Barbados,MIDDLE_AMERICA,2007,13360
Barbados,MIDDLE_AMERICA,2008,13520
Barbados,MIDDLE_AMERICA,2009,7700
Belarus,EUROPE,2002,13600
Belarus,EUROPE,2003,13560
Belarus,EUROPE,2004,14690
Belarus,EUROPE,2005,16770
Belarus,EUROPE,2006,23200
Belarus,EUROPE,2007,21840
Belarus,EUROPE,2008,23740
Belarus,EUROPE,2009,28110
Belgium,EUROPE,2002,32790
Belgium,EUROPE,2003,31380
Belgium,EUROPE,2004,33990
Belgium,EUROPE,2005,32910
Belgium,EUROPE,2006,31650
Belgium,EUROPE,2007,31640
Belgium,EUROPE,2008,32890
Belgium,EUROPE,2009,24650
Belize,MIDDLE_AMERICA,2002,36770
Belize,MIDDLE_AMERICA,2003,38240
Belize,MIDDLE_AMERICA,2004,7870
Belize,MIDDLE_AMERICA,2005,8100
Belize,MIDDLE_AMERICA,2006,8930
Belize,MIDDLE_AMERICA,2007,6090
Belize,MIDDLE_AMERICA,2008,4980
Belize,MIDDLE_AMERICA,2009,12140
Benin,SUB_SAHARAN,2002,1640
Benin,SUB_SAHARAN,2003,80
Benin,SUB_SAHARAN,2004,10
Benin,SUB_SAHARAN,2005,50
Benin,SUB_SAHARAN,2006,0
Benin,SUB_SAHARAN,2007,20
Benin,SUB_SAHARAN,2008,30
Benin,SUB_SAHARAN,2009,670
Bermuda,MIDDLE_AMERICA,2002,0
Bermuda,MIDDLE_AMERICA,2003,0
Bermuda,MIDDLE_AMERICA,2004,0
Bermuda,MIDDLE_AMERICA,2005,0
Bermuda,MIDDLE_AMERICA,2006,0
Bermuda,MIDDLE_AMERICA,2007,0
Bermuda,MIDDLE_AMERICA,2008,0
Bermuda,MIDDLE_AMERICA,2009,0
Bhutan,SOUTH_ASIA,2002,980
Bhutan,SOUTH_ASIA,2003,990
Bhutan,SOUTH_ASIA,2004,740
Bhutan,SOUTH_ASIA,2005,760
Bhutan,SOUTH_ASIA,2006,760
Bhutan,SOUTH_ASIA,2007,900
Bhutan,SOUTH_ASIA,2008,1170
Bhutan,SOUTH_ASIA,2009,2400
Bolivia,SOUTH_AMERICA,2002,400
Bolivia,SOUTH_AMERICA,2003,370
Bolivia,SOUTH_AMERICA,2004,510
Bolivia,SOUTH_AMERICA,2005,650
Bolivia,SOUTH_AMERICA,2006,400
Bolivia,SOUTH_AMERICA,2007,620
Bolivia,SOUTH_AMERICA,2008,500
Bolivia,SOUTH_AMERICA,2009,560
Bosnia and Herzegovina,EUROPE,2002,3270
Bosnia and Herzegovina,EUROPE,2003,1770
Bosnia and Herzegovina,EUROPE,2004,5840
Bosnia and Herzegovina,EUROPE,2005,2460
Bosnia and Herzegovina,EUROPE,2006,1550
Bosnia and Herzegovina,EUROPE,2007,2130
Bosnia and Herzegovina,EUROPE,2008,1190
Bosnia and Herzegovina,EUROPE,2009,7270
Botswana,SUB_SAHARAN,2002,0
Botswana,SUB_SAHARAN,2003,0
Botswana,SUB_SAHARAN,2004,0
Botswana,SUB_SAHARAN,2005,0
Botswana,SUB_SAHARAN,2006,0
Botswana,SUB_SAHARAN,2007,0
Botswana,SUB_SAHARAN,2008,0
Botswana,SUB_SAHARAN,2009,4860
Brazil,SOUTH_AMERICA,2002,12080
Brazil,SOUTH_AMERICA,2003,15230
Brazil,SOUTH_AMERICA,2004,15090
Brazil,SOUTH_AMERICA,2005,12010
Brazil,SOUTH_AMERICA,2006,12400
Brazil,SOUTH_AMERICA,2007,16520
Brazil,SOUTH_AMERICA,2008,14180
Brazil,SOUTH_AMERICA,2009,11830
Brunei Darussalam,OCEANIA,2002,33600
Brunei Darussalam,OCEANIA,2003,10200
Brunei Darussalam,OCEANIA,2004,15150
Brunei Darussalam,OCEANIA,2005,30850
Brunei Darussalam,OCEANIA,2006,6600
Brunei Darussalam,OCEANIA,2007,37700
Brunei Darussalam,OCEANIA,2008,11270
Brunei Darussalam,OCEANIA,2009,10300
Bulgaria,EUROPE,2002,11380
Bulgaria,EUROPE,2003,14730
Bulgaria,EUROPE,2004,8090
Bulgaria,EUROPE,2005,7420
Bulgaria,EUROPE,2006,7390
Bulgaria,EUROPE,2007,10200
Bulgaria,EUROPE,2008,11120
Bulgaria,EUROPE,2009,10460
Burkina Faso,SUB_SAHARAN,2002,40
Burkina Faso,SUB_SAHARAN,2003,1040
Burkina Faso,SUB_SAHARAN,2004,1250
Burkina Faso,SUB_SAHARAN,2005,1520
Burkina Faso,SUB_SAHARAN,2006,1340
Burkina Faso,SUB_SAHARAN,2007,1010
Burkina Faso,SUB_SAHARAN,2008,950
Burkina Faso,SUB_SAHARAN,2009,950
Burundi,SUB_SAHARAN,2002,130
Burundi,SUB_SAHARAN,2003,30
Burundi,SUB_SAHARAN,2004,110
Burundi,SUB_SAHARAN,2005,350
Burundi,SUB_SAHARAN,2006,330
Burundi,SUB_SAHARAN,2007,200
Burundi,SUB_SAHARAN,2008,220
Burundi,SUB_SAHARAN,2009,190
Cape Verde,SUB_SAHARAN,2002,0
Cape Verde,SUB_SAHARAN,2003,0
Cape Verde,SUB_SAHARAN,2004,0
Cape Verde,SUB_SAHARAN,2005,0
Cape Verde,SUB_SAHARAN,2006,0
Cape Verde,SUB_SAHARAN,2007,0
Cape Verde,SUB_SAHARAN,2008,0
Cape Verde,SUB_SAHARAN,2009,0
Cambodia,EAST_ASIA,2002,580
Cambodia,EAST_ASIA,2003,390
Cambodia,EAST_ASIA,2004,540
Cambodia,EAST_ASIA,2005,810
Cambodia,EAST_ASIA,2006,780
Cambodia,EAST_ASIA,2007,880
Cambodia,EAST_ASIA,2008,720
Cambodia,EAST_ASIA,2009,960
Cameroon,SUB_SAHARAN,2002,980
Cameroon,SUB_SAHARAN,2003,820
Cameroon,SUB_SAHARAN,2004,1110
Cameroon,SUB_SAHARAN,2005,800
Cameroon,SUB_SAHARAN,2006,900
Cameroon,SUB_SAHARAN,2007,860
Cameroon,SUB_SAHARAN,2008,660
Cameroon,SUB_SAHARAN,2009,700
Canada,ARCTIC_AMERICA,2002,5760
Canada,ARCTIC_AMERICA,2003,5890
Canada,ARCTIC_AMERICA,2004,5460
Canada,ARCTIC_AMERICA,2005,6180
Canada,ARCTIC_AMERICA,2006,4700
Canada,ARCTIC_AMERICA,2007,6860
Canada,ARCTIC_AMERICA,2008,6400
Canada,ARCTIC_AMERICA,2009,6220
Central African Republic,SUB_SAHARAN,2002,0
Central African Republic,SUB_SAHARAN,2003,0
Central African Republic,SUB_SAHARAN,2004,0
Central African Republic,SUB_SAHARAN,2005,0
Central African Republic,SUB_SAHARAN,2006,0
Central African Republic,SUB_SAHARAN,2007,0
Central African Republic,SUB_SAHARAN,2008,0
Central African Republic,SUB_SAHARAN,2009,0
Chad,SUB_SAHARAN,2002,0
Chad,SUB_SAHARAN,2003,0
Chad,SUB_SAHARAN,2004,0
Chad,SUB_SAHARAN,2005,0
Chad,SUB_SAHARAN,2006,0
Chad,SUB_SAHARAN,2007,0
Chad,SUB_SAHARAN,2008,0
Chad,SUB_SAHARAN,2009,0
Chile,SOUTH_AMERICA,2002,30780
Chile,SOUTH_AMERICA,2003,33010
Chile,SOUTH_AMERICA,2004,49140
Chile,SOUTH_AMERICA,2005,43480
Chile,SOUTH_AMERICA,2006,47580
Chile,SOUTH_AMERICA,2007,53240
Chile,SOUTH_AMERICA,2008,69150
Chile,SOUTH_AMERICA,2009,61060
China,EAST_ASIA,2002,28750
China,EAST_ASIA,2003,29560
China,EAST_ASIA,2004,30690
China,EAST_ASIA,2005,30850
China,EAST_ASIA,2006,32580
China,EAST_ASIA,2007,33220
China,EAST_ASIA,2008,33560
China,EAST_ASIA,2009,34270
Colombia,SOUTH_AMERICA,2002,30900
Colombia,SOUTH_AMERICA,2003,32480
Colombia,SOUTH_AMERICA,2004,32100
Colombia,SOUTH_AMERICA,2005,44510
Colombia,SOUTH_AMERICA,2006,57120
Colombia,SOUTH_AMERICA,2007,54430
Colombia,SOUTH_AMERICA,2008,48670
Colombia,SOUTH_AMERICA,2009,49730
Comoros,SUB_SAHARAN,2002,0
Comoros,SUB_SAHARAN,2003,0
Comoros,SUB_SAHARAN,2004,0
Comoros,SUB_SAHARAN,2005,0
Comoros,SUB_SAHARAN,2006,0
Comoros,SUB_SAHARAN,2007,0
Comoros,SUB_SAHARAN,2008,0
Comoros,SUB_SAHARAN,2009,0
Congo-Kinshasa,SUB_SAHARAN,2002,0
Congo-Kinshasa,SUB_SAHARAN,2003,30
Congo-Kinshasa,SUB_SAHARAN,2004,20
Congo-Kinshasa,SUB_SAHARAN,2005,10
Congo-Kinshasa,SUB_SAHARAN,2006,50
Congo-Kinshasa,SUB_SAHARAN,2007,60
Congo-Kinshasa,SUB_SAHARAN,2008,90
Congo-Kinshasa,SUB_SAHARAN,2009,80
Congo,SUB_SAHARAN,2002,0
Congo,SUB_SAHARAN,2003,0
Congo,SUB_SAHARAN,2004,270
Congo,SUB_SAHARAN,2005,10
Congo,SUB_SAHARAN,2006,10
Congo,SUB_SAHARAN,2007,40
Congo,SUB_SAHARAN,2008,70
Congo,SUB_SAHARAN,2009,460
Costa Rica,MIDDLE_AMERICA,2002,53700
Costa Rica,MIDDLE_AMERICA,2003,84730
Costa Rica,MIDDLE_AMERICA,2004,72670
Costa Rica,MIDDLE_AMERICA,2005,98090
Costa Rica,MIDDLE_AMERICA,2006,82670
Costa Rica,MIDDLE_AMERICA,2007,79020
Costa Rica,MIDDLE_AMERICA,2008,70750
Costa Rica,MIDDLE_AMERICA,2009,75320
Cote d'Ivoire,SUB_SAHARAN,2002,3100
Cote d'Ivoire,SUB_SAHARAN,2003,2930
Cote d'Ivoire,SUB_SAHARAN,2004,2720
Cote d'Ivoire,SUB_SAHARAN,2005,1780
Cote d'Ivoire,SUB_SAHARAN,2006,2280
Cote d'Ivoire,SUB_SAHARAN,2007,2400
Cote d'Ivoire,SUB_SAHARAN,2008,1820
Cote d'Ivoire,SUB_SAHARAN,2009,1530
Croatia,EUROPE,2002,25700
Croatia,EUROPE,2003,29280
Croatia,EUROPE,2004,31260
Croatia,EUROPE,2005,29450
Croatia,EUROPE,2006,38080
Croatia,EUROPE,2007,41010
Croatia,EUROPE,2008,49520
Croatia,EUROPE,2009,16470
Cuba,MIDDLE_AMERICA,2002,3810
Cuba,MIDDLE_AMERICA,2003,1650
Cuba,MIDDLE_AMERICA,2004,1850
Cuba,MIDDLE_AMERICA,2005,2240
Cuba,MIDDLE_AMERICA,2006,3210
Cuba,MIDDLE_AMERICA,2007,3570
Cuba,MIDDLE_AMERICA,2008,4360
Cuba,MIDDLE_AMERICA,2009,1760
Cyprus,MIDDLE_EAST,2002,15970
Cyprus,MIDDLE_EAST,2003,15820
Cyprus,MIDDLE_EAST,2004,13140
Cyprus,MIDDLE_EAST,2005,10900
Cyprus,MIDDLE_EAST,2006,10900
Cyprus,MIDDLE_EAST,2007,10980
Cyprus,MIDDLE_EAST,2008,11200
Cyprus,MIDDLE_EAST,2009,18140
Czech Republic,EUROPE,2002,8170
Czech Republic,EUROPE,2003,9160
Czech Republic,EUROPE,2004,8700
Czech Republic,EUROPE,2005,8960
Czech Republic,EUROPE,2006,9430
Czech Republic,EUROPE,2007,10020
Czech Republic,EUROPE,2008,8730
Czech Republic,EUROPE,2009,8850
Denmark,EUROPE,2002,9760
Denmark,EUROPE,2003,13640
Denmark,EUROPE,2004,14480
Denmark,EUROPE,2005,13710
Denmark,EUROPE,2006,13860
Denmark,EUROPE,2007,14240
Denmark,EUROPE,2008,14770
Denmark,EUROPE,2009,10290
Dominica,MIDDLE_AMERICA,2002,8660
Dominica,MIDDLE_AMERICA,2003,14820
Dominica,MIDDLE_AMERICA,2004,19860
Dominica,MIDDLE_AMERICA,2005,20780
Dominica,MIDDLE_AMERICA,2006,13420
Dominica,MIDDLE_AMERICA,2007,27600
Dominica,MIDDLE_AMERICA,2008,4460
Dominica,MIDDLE_AMERICA,2009,5820
Dominican Republic,MIDDLE_AMERICA,2002,7340
Dominican Republic,MIDDLE_AMERICA,2003,5220
Dominican Republic,MIDDLE_AMERICA,2004,5920
Dominican Republic,MIDDLE_AMERICA,2005,5820
Dominican Republic,MIDDLE_AMERICA,2006,8050
Dominican Republic,MIDDLE_AMERICA,2007,9480
Dominican Republic,MIDDLE_AMERICA,2008,8040
Dominican Republic,MIDDLE_AMERICA,2009,8060
Ecuador,SOUTH_AMERICA,2002,16760
Ecuador,SOUTH_AMERICA,2003,15680
Ecuador,SOUTH_AMERICA,2004,21750
Ecuador,SOUTH_AMERICA,2005,15080
Ecuador,SOUTH_AMERICA,2006,20780
Ecuador,SOUTH_AMERICA,2007,19910
Ecuador,SOUTH_AMERICA,2008,21410
Ecuador,SOUTH_AMERICA,2009,18730
Egypt,MIDDLE_EAST,2002,43250
Egypt,MIDDLE_EAST,2003,62780
Egypt,MIDDLE_EAST,2004,55760
Egypt,MIDDLE_EAST,2005,67290
Egypt,MIDDLE_EAST,2006,49210
Egypt,MIDDLE_EAST,2007,52180
Egypt,MIDDLE_EAST,2008,69660
Egypt,MIDDLE_EAST,2009,50280
El Salvador,MIDDLE_AMERICA,2002,7160
El Salvador,MIDDLE_AMERICA,2003,7820
El Salvador,MIDDLE_AMERICA,2004,8670
El Salvador,MIDDLE_AMERICA,2005,13060
El Salvador,MIDDLE_AMERICA,2006,10880
El Salvador,MIDDLE_AMERICA,2007,15260
El Salvador,MIDDLE_AMERICA,2008,12790
El Salvador,MIDDLE_AMERICA,2009,11730
Eritrea,SUB_SAHARAN,2002,620
Eritrea,SUB_SAHARAN,2003,160
Eritrea,SUB_SAHARAN,2004,0
Eritrea,SUB_SAHARAN,2005,230
Eritrea,SUB_SAHARAN,2006,0
Eritrea,SUB_SAHARAN,2007,350
Eritrea,SUB_SAHARAN,2008,0
Eritrea,SUB_SAHARAN,2009,280
Estonia,EUROPE,2002,4410
Estonia,EUROPE,2003,7160
Estonia,EUROPE,2004,8450
Estonia,EUROPE,2005,6100
Estonia,EUROPE,2006,7580
Estonia,EUROPE,2007,7600
Estonia,EUROPE,2008,10030
Estonia,EUROPE,2009,6950
Ethiopia,SUB_SAHARAN,2002,1700
Ethiopia,SUB_SAHARAN,2003,570
Ethiopia,SUB_SAHARAN,2004,1030
Ethiopia,SUB_SAHARAN,2005,1090
Ethiopia,SUB_SAHARAN,2006,1110
Ethiopia,SUB_SAHARAN,2007,1600
Ethiopia,SUB_SAHARAN,2008,1720
Ethiopia,SUB_SAHARAN,2009,1770
Faroe Islands,EUROPE,2002,0
Faroe Islands,EUROPE,2003,0
Faroe Islands,EUROPE,2004,0
Faroe Islands,EUROPE,2005,0
Faroe Islands,EUROPE,2006,0
Faroe Islands,EUROPE,2007,0
Faroe Islands,EUROPE,2008,0
Faroe Islands,EUROPE,2009,0
Fiji,OCEANIA,2002,7150
Fiji,OCEANIA,2003,1930
Fiji,OCEANIA,2004,4530
Fiji,OCEANIA,2005,3920
Fiji,OCEANIA,2006,2510
Fiji,OCEANIA,2007,2390
Fiji,OCEANIA,2008,4110
Fiji,OCEANIA,2009,2180
Finland,EUROPE,2002,13610
Finland,EUROPE,2003,11840
Finland,EUROPE,2004,13270
Finland,EUROPE,2005,13420
Finland,EUROPE,2006,13450
Finland,EUROPE,2007,12350
Finland,EUROPE,2008,13060
Finland,EUROPE,2009,10800
France,EUROPE,2002,21130
France,EUROPE,2003,22340
France,EUROPE,2004,21210
France,EUROPE,2005,19250
France,EUROPE,2006,19040
France,EUROPE,2007,20930
France,EUROPE,2008,15240
France,EUROPE,2009,12060
French Polynesia,OCEANIA,2002,33370
French Polynesia,OCEANIA,2003,28500
French Polynesia,OCEANIA,2004,31900
French Polynesia,OCEANIA,2005,25130
French Polynesia,OCEANIA,2006,26200
French Polynesia,OCEANIA,2007,27970
French Polynesia,OCEANIA,2008,30730
French Polynesia,OCEANIA,2009,27240
Gabon,SUB_SAHARAN,2002,560
Gabon,SUB_SAHARAN,2003,360
Gabon,SUB_SAHARAN,2004,510
Gabon,SUB_SAHARAN,2005,830
Gabon,SUB_SAHARAN,2006,850
Gabon,SUB_SAHARAN,2007,910
Gabon,SUB_SAHARAN,2008,1050
Gabon,SUB_SAHARAN,2009,1200
Gambia,SUB_SAHARAN,2002,0
Gambia,SUB_SAHARAN,2003,940
Gambia,SUB_SAHARAN,2004,810
Gambia,SUB_SAHARAN,2005,980
Gambia,SUB_SAHARAN,2006,1080
Gambia,SUB_SAHARAN,2007,900
Gambia,SUB_SAHARAN,2008,430
Gambia,SUB_SAHARAN,2009,630
Georgia,RUSSIA,2002,3300
Georgia,RUSSIA,2003,1440
Georgia,RUSSIA,2004,3150
Georgia,RUSSIA,2005,5330
Georgia,RUSSIA,2006,4750
Georgia,RUSSIA,2007,4130
Georgia,RUSSIA,2008,3750
Georgia,RUSSIA,2009,4320
Germany,EUROPE,2002,22010
Germany,EUROPE,2003,21970
Germany,EUROPE,2004,21510
Germany,EUROPE,2005,20880
Germany,EUROPE,2006,19440
Germany,EUROPE,2007,22190
Germany,EUROPE,2008,15960
Germany,EUROPE,2009,18140
Ghana,SUB_SAHARAN,2002,370
Ghana,SUB_SAHARAN,2003,680
Ghana,SUB_SAHARAN,2004,1320
Ghana,SUB_SAHARAN,2005,600
Ghana,SUB_SAHARAN,2006,2010
Ghana,SUB_SAHARAN,2007,1780
Ghana,SUB_SAHARAN,2008,1450
Ghana,SUB_SAHARAN,2009,1900
Greece,EUROPE,2002,15640
Greece,EUROPE,2003,16210
Greece,EUROPE,2004,17640
Greece,EUROPE,2005,14300
Greece,EUROPE,2006,12460
Greece,EUROPE,2007,9690
Greece,EUROPE,2008,11900
Greece,EUROPE,2009,6310
Grenada,MIDDLE_AMERICA,2002,0
Grenada,MIDDLE_AMERICA,2003,0
Grenada,MIDDLE_AMERICA,2004,0
Grenada,MIDDLE_AMERICA,2005,0
Grenada,MIDDLE_AMERICA,2006,0
Grenada,MIDDLE_AMERICA,2007,0
Grenada,MIDDLE_AMERICA,2008,0
Grenada,MIDDLE_AMERICA,2009,0
Guatemala,MIDDLE_AMERICA,2002,9980
Guatemala,MIDDLE_AMERICA,2003,9170
Guatemala,MIDDLE_AMERICA,2004,12490
Guatemala,MIDDLE_AMERICA,2005,14170
Guatemala,MIDDLE_AMERICA,2006,13600
Guatemala,MIDDLE_AMERICA,2007,12380
Guatemala,MIDDLE_AMERICA,2008,9200
Guatemala,MIDDLE_AMERICA,2009,12710
Guinea,SUB_SAHARAN,2002,100
Guinea,SUB_SAHARAN,2003,80
Guinea,SUB_SAHARAN,2004,100
Guinea,SUB_SAHARAN,2005,90
Guinea,SUB_SAHARAN,2006,90
Guinea,SUB_SAHARAN,2007,120
Guinea,SUB_SAHARAN,2008,130
Guinea,SUB_SAHARAN,2009,60
Guinea-Bissau,SUB_SAHARAN,2002,0
Guinea-Bissau,SUB_SAHARAN,2003,0
Guinea-Bissau,SUB_SAHARAN,2004,0
Guinea-Bissau,SUB_SAHARAN,2005,0
Guinea-Bissau,SUB_SAHARAN,2006,0
Guinea-Bissau,SUB_SAHARAN,2007,0
Guinea-Bissau,SUB_SAHARAN,2008,0
Guinea-Bissau,SUB_SAHARAN,2009,0
Guyana,SOUTH_AMERICA,2002,3310
Guyana,SOUTH_AMERICA,2003,2310
Guyana,SOUTH_AMERICA,2004,4480
Guyana,SOUTH_AMERICA,2005,2210
Guyana,SOUTH_AMERICA,2006,3260
Guyana,SOUTH_AMERICA,2007,3270
Guyana,SOUTH_AMERICA,2008,5680
Guyana,SOUTH_AMERICA,2009,2030
Haiti,MIDDLE_AMERICA,2002,0
Haiti,MIDDLE_AMERICA,2003,0
Haiti,MIDDLE_AMERICA,2004,0
Haiti,MIDDLE_AMERICA,2005,0
Haiti,MIDDLE_AMERICA,2006,0
Haiti,MIDDLE_AMERICA,2007,0
Haiti,MIDDLE_AMERICA,2008,0
Haiti,MIDDLE_AMERICA,2009,0
Honduras,MIDDLE_AMERICA,2002,3200
Honduras,MIDDLE_AMERICA,2003,5490
Honduras,MIDDLE_AMERICA,2004,13500
Honduras,MIDDLE_AMERICA,2005,16090
Honduras,MIDDLE_AMERICA,2006,18880
Honduras,MIDDLE_AMERICA,2007,17800
Honduras,MIDDLE_AMERICA,2008,10770
Honduras,MIDDLE_AMERICA,2009,6230
Hong Kong,EAST_ASIA,2002,72840
Hong Kong,EAST_ASIA,2003,35980
Hong Kong,EAST_ASIA,2004,39080
Hong Kong,EAST_ASIA,2005,36580
Hong Kong,EAST_ASIA,2006,39000
Hong Kong,EAST_ASIA,2007,42100
Hong Kong,EAST_ASIA,2008,9900
Hong Kong,EAST_ASIA,2009,3800
Hungary,EUROPE,2002,9490
Hungary,EUROPE,2003,9550
Hungary,EUROPE,2004,9850
Hungary,EUROPE,2005,8520
Hungary,EUROPE,2006,9920
Hungary,EUROPE,2007,11040
Hungary,EUROPE,2008,9670
Hungary,EUROPE,2009,7750
Iceland,EUROPE,2002,14580
Iceland,EUROPE,2003,12290
Iceland,EUROPE,2004,13790
Iceland,EUROPE,2005,13360
Iceland,EUROPE,2006,16780
Iceland,EUROPE,2007,19420
Iceland,EUROPE,2008,19990
Iceland,EUROPE,2009,12380
India,SOUTH_ASIA,2002,10030
India,SOUTH_ASIA,2003,10520
India,SOUTH_ASIA,2004,11530
India,SOUTH_ASIA,2005,12760
India,SOUTH_ASIA,2006,13640
India,SOUTH_ASIA,2007,14280
India,SOUTH_ASIA,2008,15330
India,SOUTH_ASIA,2009,16750
Indonesia,OCEANIA,2002,12400
Indonesia,OCEANIA,2003,13110
Indonesia,OCEANIA,2004,13120
Indonesia,OCEANIA,2005,14400
Indonesia,OCEANIA,2006,15800
Indonesia,OCEANIA,2007,18150
Indonesia,OCEANIA,2008,18450
Indonesia,OCEANIA,2009,18160
Iran,MIDDLE_EAST,2002,7870
Iran,MIDDLE_EAST,2003,8030
Iran,MIDDLE_EAST,2004,10380
Iran,MIDDLE_EAST,2005,9500
Iran,MIDDLE_EAST,2006,11400
Iran,MIDDLE_EAST,2007,9000
Iran,MIDDLE_EAST,2008,9980
Iran,MIDDLE_EAST,2009,7670
Iraq,MIDDLE_EAST,2002,0
Iraq,MIDDLE_EAST,2003,0
Iraq,MIDDLE_EAST,2004,2440
Iraq,MIDDLE_EAST,2005,4160
Iraq,MIDDLE_EAST,2006,4630
Iraq,MIDDLE_EAST,2007,3760
Iraq,MIDDLE_EAST,2008,5690
Iraq,MIDDLE_EAST,2009,7250
Ireland,EUROPE,2002,59700
Ireland,EUROPE,2003,53380
Ireland,EUROPE,2004,46640
Ireland,EUROPE,2005,45800
Ireland,EUROPE,2006,43190
Ireland,EUROPE,2007,42750
Ireland,EUROPE,2008,37810
Ireland,EUROPE,2009,47740
Israel,MIDDLE_EAST,2002,25190
Israel,MIDDLE_EAST,2003,28290
Israel,MIDDLE_EAST,2004,32090
Israel,MIDDLE_EAST,2005,29260
Israel,MIDDLE_EAST,2006,30500
Israel,MIDDLE_EAST,2007,34500
Israel,MIDDLE_EAST,2008,28060
Israel,MIDDLE_EAST,2009,20050
Italy,EUROPE,2002,17110
Italy,EUROPE,2003,17770
Italy,EUROPE,2004,18140
Italy,EUROPE,2005,17180
Italy,EUROPE,2006,17700
Italy,EUROPE,2007,19020
Italy,EUROPE,2008,14350
Italy,EUROPE,2009,12010
Jamaica,MIDDLE_AMERICA,2002,9470
Jamaica,MIDDLE_AMERICA,2003,11220
Jamaica,MIDDLE_AMERICA,2004,12390
Jamaica,MIDDLE_AMERICA,2005,11580
Jamaica,MIDDLE_AMERICA,2006,6350
Jamaica,MIDDLE_AMERICA,2007,3620
Jamaica,MIDDLE_AMERICA,2008,3760
Jamaica,MIDDLE_AMERICA,2009,5820
Japan,EAST_ASIA,2002,33350
Japan,EAST_ASIA,2003,33520
Japan,EAST_ASIA,2004,35370
Japan,EAST_ASIA,2005,34800
Japan,EAST_ASIA,2006,33280
Japan,EAST_ASIA,2007,35050
Japan,EAST_ASIA,2008,27820
Japan,EAST_ASIA,2009,23890
Jordan,MIDDLE_EAST,2002,159050
Jordan,MIDDLE_EAST,2003,91610
Jordan,MIDDLE_EAST,2004,47650
Jordan,MIDDLE_EAST,2005,78400
Jordan,MIDDLE_EAST,2006,69350
Jordan,MIDDLE_EAST,2007,100780
Jordan,MIDDLE_EAST,2008,33740
Jordan,MIDDLE_EAST,2009,39490
Kazakhstan,CENTRAL_ASIA,2002,80
Kazakhstan,CENTRAL_ASIA,2003,120
Kazakhstan,CENTRAL_ASIA,2004,150
Kazakhstan,CENTRAL_ASIA,2005,140
Kazakhstan,CENTRAL_ASIA,2006,140
Kazakhstan,CENTRAL_ASIA,2007,210
Kazakhstan,CENTRAL_ASIA,2008,110
Kazakhstan,CENTRAL_ASIA,2009,200
Kenya,SUB_SAHARAN,2002,2730
Kenya,SUB_SAHARAN,2003,3310
Kenya,SUB_SAHARAN,2004,2770
Kenya,SUB_SAHARAN,2005,3430
Kenya,SUB_SAHARAN,2006,3320
Kenya,SUB_SAHARAN,2007,3640
Kenya,SUB_SAHARAN,2008,3330
Kenya,SUB_SAHARAN,2009,3190
South Korea,EAST_ASIA,2002,0
South Korea,EAST_ASIA,2003,0
South Korea,EAST_ASIA,2004,0
South Korea,EAST_ASIA,2005,0
South Korea,EAST_ASIA,2006,0
South Korea,EAST_ASIA,2007,0
South Korea,EAST_ASIA,2008,0
South Korea,EAST_ASIA,2009,0
Republic Of Korea,EAST_ASIA,2002,41210
Republic Of Korea,EAST_ASIA,2003,46880
Republic Of Korea,EAST_ASIA,2004,52540
Republic Of Korea,EAST_ASIA,2005,64340
Republic Of Korea,EAST_ASIA,2006,46980
Republic Of Korea,EAST_ASIA,2007,51100
Republic Of Korea,EAST_ASIA,2008,44110
Republic Of Korea,EAST_ASIA,2009,33200
Kuwait,MIDDLE_EAST,2002,176330
Kuwait,MIDDLE_EAST,2003,0
Kuwait,MIDDLE_EAST,2004,0
Kuwait,MIDDLE_EAST,2005,434910
Kuwait,MIDDLE_EAST,2006,209090
Kuwait,MIDDLE_EAST,2007,0
Kuwait,MIDDLE_EAST,2008,126190
Kuwait,MIDDLE_EAST,2009,5710
Kurgyzstan,CENTRAL_ASIA,2002,710
Kurgyzstan,CENTRAL_ASIA,2003,2470
Kurgyzstan,CENTRAL_ASIA,2004,2170
Kurgyzstan,CENTRAL_ASIA,2005,2460
Kurgyzstan,CENTRAL_ASIA,2006,2220
Kurgyzstan,CENTRAL_ASIA,2007,2250
Kurgyzstan,CENTRAL_ASIA,2008,1900
Kurgyzstan,CENTRAL_ASIA,2009,2210
Latvia,EUROPE,2002,5060
Latvia,EUROPE,2003,4950
Latvia,EUROPE,2004,6410
Latvia,EUROPE,2005,6800
Latvia,EUROPE,2006,6270
Latvia,EUROPE,2007,6770
Latvia,EUROPE,2008,6690
Latvia,EUROPE,2009,6490
Lebanon,MIDDLE_EAST,2002,35800
Lebanon,MIDDLE_EAST,2003,13240
Lebanon,MIDDLE_EAST,2004,14230
Lebanon,MIDDLE_EAST,2005,31380
Lebanon,MIDDLE_EAST,2006,29790
Lebanon,MIDDLE_EAST,2007,32010
Lebanon,MIDDLE_EAST,2008,21960
Lebanon,MIDDLE_EAST,2009,23430
Lesotho,SUB_SAHARAN,2002,0
Lesotho,SUB_SAHARAN,2003,0
Lesotho,SUB_SAHARAN,2004,0
Lesotho,SUB_SAHARAN,2005,0
Lesotho,SUB_SAHARAN,2006,0
Lesotho,SUB_SAHARAN,2007,0
Lesotho,SUB_SAHARAN,2008,0
Lesotho,SUB_SAHARAN,2009,0
Liberia,SUB_SAHARAN,2002,0
Liberia,SUB_SAHARAN,2003,0
Liberia,SUB_SAHARAN,2004,0
Liberia,SUB_SAHARAN,2005,0
Liberia,SUB_SAHARAN,2006,0
Liberia,SUB_SAHARAN,2007,0
Liberia,SUB_SAHARAN,2008,0
Liberia,SUB_SAHARAN,2009,0
Libya,MIDDLE_EAST,2002,6630
Libya,MIDDLE_EAST,2003,3310
Libya,MIDDLE_EAST,2004,5170
Libya,MIDDLE_EAST,2005,6710
Libya,MIDDLE_EAST,2006,4230
Libya,MIDDLE_EAST,2007,6100
Libya,MIDDLE_EAST,2008,2730
Libya,MIDDLE_EAST,2009,3370
Lithuania,EUROPE,2002,11020
Lithuania,EUROPE,2003,14740
Lithuania,EUROPE,2004,17380
Lithuania,EUROPE,2005,9760
Lithuania,EUROPE,2006,10220
Lithuania,EUROPE,2007,9010
Lithuania,EUROPE,2008,8670
Lithuania,EUROPE,2009,4430
Luxembourg,EUROPE,2002,58110
Luxembourg,EUROPE,2003,26750
Luxembourg,EUROPE,2004,33360
Luxembourg,EUROPE,2005,31320
Luxembourg,EUROPE,2006,29360
Luxembourg,EUROPE,2007,27640
Luxembourg,EUROPE,2008,25050
Luxembourg,EUROPE,2009,24460
Macao,EAST_ASIA,2002,0
Macao,EAST_ASIA,2003,0
Macao,EAST_ASIA,2004,0
Macao,EAST_ASIA,2005,0
Macao,EAST_ASIA,2006,0
Macao,EAST_ASIA,2007,0
Macao,EAST_ASIA,2008,0
Macao,EAST_ASIA,2009,0
Macedonia,EUROPE,2002,3090
Macedonia,EUROPE,2003,3280
Macedonia,EUROPE,2004,5350
Macedonia,EUROPE,2005,6200
Macedonia,EUROPE,2006,5750
Macedonia,EUROPE,2007,6710
Macedonia,EUROPE,2008,5620
Macedonia,EUROPE,2009,5670
Madagascar,SUB_SAHARAN,2002,210
Madagascar,SUB_SAHARAN,2003,210
Madagascar,SUB_SAHARAN,2004,220
Madagascar,SUB_SAHARAN,2005,550
Madagascar,SUB_SAHARAN,2006,250
Madagascar,SUB_SAHARAN,2007,320
Madagascar,SUB_SAHARAN,2008,410
Madagascar,SUB_SAHARAN,2009,230
Malawi,SUB_SAHARAN,2002,2970
Malawi,SUB_SAHARAN,2003,3110
Malawi,SUB_SAHARAN,2004,3440
Malawi,SUB_SAHARAN,2005,3050
Malawi,SUB_SAHARAN,2006,3680
Malawi,SUB_SAHARAN,2007,4170
Malawi,SUB_SAHARAN,2008,3490
Malawi,SUB_SAHARAN,2009,3080
Malaysia,OCEANIA,2002,117700
Malaysia,OCEANIA,2003,130410
Malaysia,OCEANIA,2004,162780
Malaysia,OCEANIA,2005,145740
Malaysia,OCEANIA,2006,166210
Malaysia,OCEANIA,2007,183650
Malaysia,OCEANIA,2008,202690
Malaysia,OCEANIA,2009,152760
Maldives,SOUTH_ASIA,2002,600
Maldives,SOUTH_ASIA,2003,800
Maldives,SOUTH_ASIA,2004,1030
Maldives,SOUTH_ASIA,2005,2970
Maldives,SOUTH_ASIA,2006,11770
Maldives,SOUTH_ASIA,2007,8730
Maldives,SOUTH_ASIA,2008,1680
Maldives,SOUTH_ASIA,2009,6650
Mali,SUB_SAHARAN,2002,0
Mali,SUB_SAHARAN,2003,0
Mali,SUB_SAHARAN,2004,5200
Mali,SUB_SAHARAN,2005,1570
Mali,SUB_SAHARAN,2006,1750
Mali,SUB_SAHARAN,2007,3110
Mali,SUB_SAHARAN,2008,2250
Mali,SUB_SAHARAN,2009,610
Malta,EUROPE,2002,10320
Malta,EUROPE,2003,9420
Malta,EUROPE,2004,13000
Malta,EUROPE,2005,10560
Malta,EUROPE,2006,14800
Malta,EUROPE,2007,11080
Malta,EUROPE,2008,7400
Malta,EUROPE,2009,5430
Marshall Islands,OCEANIA,2002,200
Marshall Islands,OCEANIA,2003,200
Marshall Islands,OCEANIA,2004,50
Marshall Islands,OCEANIA,2005,50
Marshall Islands,OCEANIA,2006,0
Marshall Islands,OCEANIA,2007,0
Marshall Islands,OCEANIA,2008,0
Marshall Islands,OCEANIA,2009,0
Mauritania,SUB_SAHARAN,2002,0
Mauritania,SUB_SAHARAN,2003,0
Mauritania,SUB_SAHARAN,2004,0
Mauritania,SUB_SAHARAN,2005,0
Mauritania,SUB_SAHARAN,2006,0
Mauritania,SUB_SAHARAN,2007,0
Mauritania,SUB_SAHARAN,2008,0
Mauritania,SUB_SAHARAN,2009,0
Mauritius,SUB_SAHARAN,2002,31840
Mauritius,SUB_SAHARAN,2003,29950
Mauritius,SUB_SAHARAN,2004,30770
Mauritius,SUB_SAHARAN,2005,35220
Mauritius,SUB_SAHARAN,2006,25790
Mauritius,SUB_SAHARAN,2007,28220
Mauritius,SUB_SAHARAN,2008,22880
Mauritius,SUB_SAHARAN,2009,22800
Mexico,MIDDLE_AMERICA,2002,6530
Mexico,MIDDLE_AMERICA,2003,6680
Mexico,MIDDLE_AMERICA,2004,7320
Mexico,MIDDLE_AMERICA,2005,7920
Mexico,MIDDLE_AMERICA,2006,6900
Mexico,MIDDLE_AMERICA,2007,7500
Mexico,MIDDLE_AMERICA,2008,5220
Mexico,MIDDLE_AMERICA,2009,5190
Moldova,EUROPE,2002,810
Moldova,EUROPE,2003,750
Moldova,EUROPE,2004,830
Moldova,EUROPE,2005,900
Moldova,EUROPE,2006,850
Moldova,EUROPE,2007,1100
Moldova,EUROPE,2008,1250
Moldova,EUROPE,2009,940
Mongolia,EAST_ASIA,2002,590
Mongolia,EAST_ASIA,2003,570
Mongolia,EAST_ASIA,2004,830
Mongolia,EAST_ASIA,2005,530
Mongolia,EAST_ASIA,2006,940
Mongolia,EAST_ASIA,2007,860
Mongolia,EAST_ASIA,2008,830
Mongolia,EAST_ASIA,2009,1220
Montenegro,EUROPE,2002,0
Montenegro,EUROPE,2003,0
Montenegro,EUROPE,2004,0
Montenegro,EUROPE,2005,0
Montenegro,EUROPE,2006,1870
Montenegro,EUROPE,2007,1560
Montenegro,EUROPE,2008,1480
Montenegro,EUROPE,2009,1130
Morocco,MIDDLE_EAST,2002,6560
Morocco,MIDDLE_EAST,2003,5530
Morocco,MIDDLE_EAST,2004,4900
Morocco,MIDDLE_EAST,2005,6380
Morocco,MIDDLE_EAST,2006,6020
Morocco,MIDDLE_EAST,2007,5880
Morocco,MIDDLE_EAST,2008,5380
Morocco,MIDDLE_EAST,2009,4110
Mozambique,SUB_SAHARAN,2002,600
Mozambique,SUB_SAHARAN,2003,70
Mozambique,SUB_SAHARAN,2004,230
Mozambique,SUB_SAHARAN,2005,140
Mozambique,SUB_SAHARAN,2006,460
Mozambique,SUB_SAHARAN,2007,270
Mozambique,SUB_SAHARAN,2008,1140
Mozambique,SUB_SAHARAN,2009,400
Myanmar,SOUTH_ASIA,2002,430
Myanmar,SOUTH_ASIA,2003,1030
Myanmar,SOUTH_ASIA,2004,1990
Myanmar,SOUTH_ASIA,2005,650
Myanmar,SOUTH_ASIA,2006,900
Myanmar,SOUTH_ASIA,2007,1580
Myanmar,SOUTH_ASIA,2008,760
Myanmar,SOUTH_ASIA,2009,620
Namibia,SUB_SAHARAN,2002,390
Namibia,SUB_SAHARAN,2003,140
Namibia,SUB_SAHARAN,2004,320
Namibia,SUB_SAHARAN,2005,190
Namibia,SUB_SAHARAN,2006,280
Namibia,SUB_SAHARAN,2007,250
Namibia,SUB_SAHARAN,2008,30
Namibia,SUB_SAHARAN,2009,160
Nepal,SOUTH_ASIA,2002,1670
Nepal,SOUTH_ASIA,2003,510
Nepal,SOUTH_ASIA,2004,800
Nepal,SOUTH_ASIA,2005,360
Nepal,SOUTH_ASIA,2006,560
Nepal,SOUTH_ASIA,2007,160
Nepal,SOUTH_ASIA,2008,140
Nepal,SOUTH_ASIA,2009,1820
Netherlands,EUROPE,2002,42880
Netherlands,EUROPE,2003,43830
Netherlands,EUROPE,2004,35730
Netherlands,EUROPE,2005,33780
Netherlands,EUROPE,2006,35310
Netherlands,EUROPE,2007,30210
Netherlands,EUROPE,2008,26770
Netherlands,EUROPE,2009,23820
New Caledonia,OCEANIA,2002,26060
New Caledonia,OCEANIA,2003,53650
New Caledonia,OCEANIA,2004,23130
New Caledonia,OCEANIA,2005,28250
New Caledonia,OCEANIA,2006,24000
New Caledonia,OCEANIA,2007,26760
New Caledonia,OCEANIA,2008,19940
New Caledonia,OCEANIA,2009,9940
New Zealand,OCEANIA,2002,183640
New Zealand,OCEANIA,2003,227910
New Zealand,OCEANIA,2004,176060
New Zealand,OCEANIA,2005,271870
New Zealand,OCEANIA,2006,249500
New Zealand,OCEANIA,2007,230460
New Zealand,OCEANIA,2008,172660
New Zealand,OCEANIA,2009,127180
Nicaragua,MIDDLE_AMERICA,2002,2840
Nicaragua,MIDDLE_AMERICA,2003,3190
Nicaragua,MIDDLE_AMERICA,2004,3300
Nicaragua,MIDDLE_AMERICA,2005,2810
Nicaragua,MIDDLE_AMERICA,2006,3260
Nicaragua,MIDDLE_AMERICA,2007,3150
Nicaragua,MIDDLE_AMERICA,2008,2710
Nicaragua,MIDDLE_AMERICA,2009,3470
Niger,SUB_SAHARAN,2002,60
Niger,SUB_SAHARAN,2003,30
Niger,SUB_SAHARAN,2004,20
Niger,SUB_SAHARAN,2005,40
Niger,SUB_SAHARAN,2006,50
Niger,SUB_SAHARAN,2007,40
Niger,SUB_SAHARAN,2008,20
Niger,SUB_SAHARAN,2009,40
Nigeria,SUB_SAHARAN,2002,450
Nigeria,SUB_SAHARAN,2003,610
Nigeria,SUB_SAHARAN,2004,450
Nigeria,SUB_SAHARAN,2005,720
Nigeria,SUB_SAHARAN,2006,1000
Nigeria,SUB_SAHARAN,2007,420
Nigeria,SUB_SAHARAN,2008,590
Nigeria,SUB_SAHARAN,2009,530
Norway,EUROPE,2002,20560
Norway,EUROPE,2003,21350
Norway,EUROPE,2004,21520
Norway,EUROPE,2005,21890
Norway,EUROPE,2006,21640
Norway,EUROPE,2007,22040
Norway,EUROPE,2008,21360
Norway,EUROPE,2009,17910
Oman,MIDDLE_EAST,2002,38290
Oman,MIDDLE_EAST,2003,39190
Oman,MIDDLE_EAST,2004,47240
Oman,MIDDLE_EAST,2005,136580
Oman,MIDDLE_EAST,2006,106360
Oman,MIDDLE_EAST,2007,36380
Oman,MIDDLE_EAST,2008,72410
Oman,MIDDLE_EAST,2009,63240
Pakistan,SOUTH_ASIA,2002,9750
Pakistan,SOUTH_ASIA,2003,10100
Pakistan,SOUTH_ASIA,2004,11080
Pakistan,SOUTH_ASIA,2005,12350
Pakistan,SOUTH_ASIA,2006,12570
Pakistan,SOUTH_ASIA,2007,11840
Pakistan,SOUTH_ASIA,2008,11920
Pakistan,SOUTH_ASIA,2009,14430
Panama,MIDDLE_AMERICA,2002,4040
Panama,MIDDLE_AMERICA,2003,5120
Panama,MIDDLE_AMERICA,2004,4220
Panama,MIDDLE_AMERICA,2005,3440
Panama,MIDDLE_AMERICA,2006,3840
Panama,MIDDLE_AMERICA,2007,3410
Panama,MIDDLE_AMERICA,2008,3580
Panama,MIDDLE_AMERICA,2009,4750
Papua New Guinea,OCEANIA,2002,15910
Papua New Guinea,OCEANIA,2003,39350
Papua New Guinea,OCEANIA,2004,7680
Papua New Guinea,OCEANIA,2005,7140
Papua New Guinea,OCEANIA,2006,5890
Papua New Guinea,OCEANIA,2007,7580
Papua New Guinea,OCEANIA,2008,7070
Papua New Guinea,OCEANIA,2009,10390
Paraguay,SOUTH_AMERICA,2002,4770
Paraguay,SOUTH_AMERICA,2003,6620
Paraguay,SOUTH_AMERICA,2004,7840
Paraguay,SOUTH_AMERICA,2005,6580
Paraguay,SOUTH_AMERICA,2006,7270
Paraguay,SOUTH_AMERICA,2007,9430
Paraguay,SOUTH_AMERICA,2008,7470
Paraguay,SOUTH_AMERICA,2009,6270
Peru,SOUTH_AMERICA,2002,8040
Peru,SOUTH_AMERICA,2003,8230
Peru,SOUTH_AMERICA,2004,8820
Peru,SOUTH_AMERICA,2005,7670
Peru,SOUTH_AMERICA,2006,8540
Peru,SOUTH_AMERICA,2007,10060
Peru,SOUTH_AMERICA,2008,7410
Peru,SOUTH_AMERICA,2009,9320
Philippines,OCEANIA,2002,14640
Philippines,OCEANIA,2003,17280
Philippines,OCEANIA,2004,15980
Philippines,OCEANIA,2005,15220
Philippines,OCEANIA,2006,13860
Philippines,OCEANIA,2007,15930
Philippines,OCEANIA,2008,10500
Philippines,OCEANIA,2009,12140
Poland,EUROPE,2002,11620
Poland,EUROPE,2003,12890
Poland,EUROPE,2004,12910
Poland,EUROPE,2005,16190
Poland,EUROPE,2006,15930
Poland,EUROPE,2007,18120
Poland,EUROPE,2008,15770
Poland,EUROPE,2009,14730
Portugal,EUROPE,2002,19400
Portugal,EUROPE,2003,17700
Portugal,EUROPE,2004,20830
Portugal,EUROPE,2005,20710
Portugal,EUROPE,2006,13530
Portugal,EUROPE,2007,20940
Portugal,EUROPE,2008,16160
Portugal,EUROPE,2009,11940
Qatar,MIDDLE_EAST,2002,4440
Qatar,MIDDLE_EAST,2003,0
Qatar,MIDDLE_EAST,2004,425460
Qatar,MIDDLE_EAST,2005,63350
Qatar,MIDDLE_EAST,2006,0
Qatar,MIDDLE_EAST,2007,541380
Qatar,MIDDLE_EAST,2008,21710
Qatar,MIDDLE_EAST,2009,303970
Romania,EUROPE,2002,3480
Romania,EUROPE,2003,3860
Romania,EUROPE,2004,4260
Romania,EUROPE,2005,5140
Romania,EUROPE,2006,4060
Romania,EUROPE,2007,4460
Romania,EUROPE,2008,4560
Romania,EUROPE,2009,4850
Russian Federation,RUSSIA,2002,1360
Russian Federation,RUSSIA,2003,1100
Russian Federation,RUSSIA,2004,1140
Russian Federation,RUSSIA,2005,1180
Russian Federation,RUSSIA,2006,1250
Russian Federation,RUSSIA,2007,1430
Russian Federation,RUSSIA,2008,1590
Russian Federation,RUSSIA,2009,1560
Rwanda,SUB_SAHARAN,2002,0
Rwanda,SUB_SAHARAN,2003,220
Rwanda,SUB_SAHARAN,2004,180
Rwanda,SUB_SAHARAN,2005,310
Rwanda,SUB_SAHARAN,2006,350
Rwanda,SUB_SAHARAN,2007,790
Rwanda,SUB_SAHARAN,2008,960
Rwanda,SUB_SAHARAN,2009,130
Samoa,OCEANIA,2002,80
Samoa,OCEANIA,2003,180
Samoa,OCEANIA,2004,330
Samoa,OCEANIA,2005,340
Samoa,OCEANIA,2006,230
Samoa,OCEANIA,2007,380
Samoa,OCEANIA,2008,540
Samoa,OCEANIA,2009,440
Sao Tome and Principe,SUB_SAHARAN,2002,0
Sao Tome and Principe,SUB_SAHARAN,2003,0
Sao Tome and Principe,SUB_SAHARAN,2004,0
Sao Tome and Principe,SUB_SAHARAN,2005,0
Sao Tome and Principe,SUB_SAHARAN,2006,0
Sao Tome and Principe,SUB_SAHARAN,2007,0
Sao Tome and Principe,SUB_SAHARAN,2008,0
Sao Tome and Principe,SUB_SAHARAN,2009,0
Saudi Arabia,MIDDLE_EAST,2002,5650
Saudi Arabia,MIDDLE_EAST,2003,11920
Saudi Arabia,MIDDLE_EAST,2004,10500
Saudi Arabia,MIDDLE_EAST,2005,9390
Saudi Arabia,MIDDLE_EAST,2006,9880
Saudi Arabia,MIDDLE_EAST,2007,11880
Saudi Arabia,MIDDLE_EAST,2008,7760
Saudi Arabia,MIDDLE_EAST,2009,4380
Senegal,SUB_SAHARAN,2002,1180
Senegal,SUB_SAHARAN,2003,1090
Senegal,SUB_SAHARAN,2004,1270
Senegal,SUB_SAHARAN,2005,990
Senegal,SUB_SAHARAN,2006,230
Senegal,SUB_SAHARAN,2007,210
Senegal,SUB_SAHARAN,2008,230
Senegal,SUB_SAHARAN,2009,630
Serbia,EUROPE,2002,0
Serbia,EUROPE,2003,0
Serbia,EUROPE,2004,0
Serbia,EUROPE,2005,0
Serbia,EUROPE,2006,11740
Serbia,EUROPE,2007,15370
Serbia,EUROPE,2008,11460
Serbia,EUROPE,2009,14350
Seychelles,SUB_SAHARAN,2002,0
Seychelles,SUB_SAHARAN,2003,2400
Seychelles,SUB_SAHARAN,2004,1100
Seychelles,SUB_SAHARAN,2005,3400
Seychelles,SUB_SAHARAN,2006,1100
Seychelles,SUB_SAHARAN,2007,3000
Seychelles,SUB_SAHARAN,2008,3400
Seychelles,SUB_SAHARAN,2009,5200
Sierra Leone,SUB_SAHARAN,2002,0
Sierra Leone,SUB_SAHARAN,2003,0
Sierra Leone,SUB_SAHARAN,2004,0
Sierra Leone,SUB_SAHARAN,2005,0
Sierra Leone,SUB_SAHARAN,2006,0
Sierra Leone,SUB_SAHARAN,2007,0
Sierra Leone,SUB_SAHARAN,2008,0
Sierra Leone,SUB_SAHARAN,2009,0
Singapore,OCEANIA,2002,183000
Singapore,OCEANIA,2003,1156670
Singapore,OCEANIA,2004,1352860
Singapore,OCEANIA,2005,1375300
Singapore,OCEANIA,2006,1653230
Singapore,OCEANIA,2007,1624290
Singapore,OCEANIA,2008,1626670
Singapore,OCEANIA,2009,466330
Slovakia,EUROPE,2002,8310
Slovakia,EUROPE,2003,7890
Slovakia,EUROPE,2004,8370
Slovakia,EUROPE,2005,8050
Slovakia,EUROPE,2006,9180
Slovakia,EUROPE,2007,9000
Slovakia,EUROPE,2008,7510
Slovakia,EUROPE,2009,7830
Slovenia,EUROPE,2002,40350
Slovenia,EUROPE,2003,40030
Slovenia,EUROPE,2004,35870
Slovenia,EUROPE,2005,32960
Slovenia,EUROPE,2006,32200
Slovenia,EUROPE,2007,32450
Slovenia,EUROPE,2008,28510
Slovenia,EUROPE,2009,24620
Somalia,SUB_SAHARAN,2002,0
Somalia,SUB_SAHARAN,2003,0
Somalia,SUB_SAHARAN,2004,0
Somalia,SUB_SAHARAN,2005,0
Somalia,SUB_SAHARAN,2006,0
Somalia,SUB_SAHARAN,2007,0
Somalia,SUB_SAHARAN,2008,0
Somalia,SUB_SAHARAN,2009,0
South Africa,SUB_SAHARAN,2002,6120
South Africa,SUB_SAHARAN,2003,5520
South Africa,SUB_SAHARAN,2004,6030
South Africa,SUB_SAHARAN,2005,4730
South Africa,SUB_SAHARAN,2006,6230
South Africa,SUB_SAHARAN,2007,6100
South Africa,SUB_SAHARAN,2008,5630
South Africa,SUB_SAHARAN,2009,6020
Spain,EUROPE,2002,16450
Spain,EUROPE,2003,17530
Spain,EUROPE,2004,16540
Spain,EUROPE,2005,14210
Spain,EUROPE,2006,14230
Spain,EUROPE,2007,15770
Spain,EUROPE,2008,10650
Spain,EUROPE,2009,9690
Sri Lanka,SOUTH_ASIA,2002,30460
Sri Lanka,SOUTH_ASIA,2003,25920
Sri Lanka,SOUTH_ASIA,2004,28700
Sri Lanka,SOUTH_ASIA,2005,25530
Sri Lanka,SOUTH_ASIA,2006,29130
Sri Lanka,SOUTH_ASIA,2007,28850
Sri Lanka,SOUTH_ASIA,2008,31170
Sri Lanka,SOUTH_ASIA,2009,28140
St. Kitts and Nevis,MIDDLE_AMERICA,2002,0
St. Kitts and Nevis,MIDDLE_AMERICA,2003,8410
St. Kitts and Nevis,MIDDLE_AMERICA,2004,790
St. Kitts and Nevis,MIDDLE_AMERICA,2005,1390
St. Kitts and Nevis,MIDDLE_AMERICA,2006,2260
St. Kitts and Nevis,MIDDLE_AMERICA,2007,1250
St. Kitts and Nevis,MIDDLE_AMERICA,2008,2050
St. Kitts and Nevis,MIDDLE_AMERICA,2009,1280
St. Lucia,MIDDLE_AMERICA,2002,0
St. Lucia,MIDDLE_AMERICA,2003,0
St. Lucia,MIDDLE_AMERICA,2004,0
St. Lucia,MIDDLE_AMERICA,2005,0
St. Lucia,MIDDLE_AMERICA,2006,0
St. Lucia,MIDDLE_AMERICA,2007,0
St. Lucia,MIDDLE_AMERICA,2008,720
St. Lucia,MIDDLE_AMERICA,2009,8800
Sudan,MIDDLE_EAST,2002,350
Sudan,MIDDLE_EAST,2003,350
Sudan,MIDDLE_EAST,2004,460
Sudan,MIDDLE_EAST,2005,270
Sudan,MIDDLE_EAST,2006,260
Sudan,MIDDLE_EAST,2007,360
Sudan,MIDDLE_EAST,2008,380
Sudan,MIDDLE_EAST,2009,840
Suriname,SOUTH_AMERICA,2002,9220
Suriname,SOUTH_AMERICA,2003,10910
Suriname,SOUTH_AMERICA,2004,14100
Suriname,SOUTH_AMERICA,2005,10640
Suriname,SOUTH_AMERICA,2006,18330
Suriname,SOUTH_AMERICA,2007,14940
Suriname,SOUTH_AMERICA,2008,54870
Suriname,SOUTH_AMERICA,2009,15830
Swaziland,SUB_SAHARAN,2002,0
Swaziland,SUB_SAHARAN,2003,0
Swaziland,SUB_SAHARAN,2004,0
Swaziland,SUB_SAHARAN,2005,0
Swaziland,SUB_SAHARAN,2006,0
Swaziland,SUB_SAHARAN,2007,0
Swaziland,SUB_SAHARAN,2008,0
Swaziland,SUB_SAHARAN,2009,0
Sweden,EUROPE,2002,9990
Sweden,EUROPE,2003,9820
Sweden,EUROPE,2004,9790
Sweden,EUROPE,2005,8790
Sweden,EUROPE,2006,8640
Sweden,EUROPE,2007,8950
Sweden,EUROPE,2008,9920
Sweden,EUROPE,2009,6400
Switzerland,EUROPE,2002,19620
Switzerland,EUROPE,2003,20340
Switzerland,EUROPE,2004,21640
Switzerland,EUROPE,2005,22800
Switzerland,EUROPE,2006,22870
Switzerland,EUROPE,2007,22990
Switzerland,EUROPE,2008,22730
Switzerland,EUROPE,2009,19080
Syrian Arab Republic,MIDDLE_EAST,2002,6840
Syrian Arab Republic,MIDDLE_EAST,2003,7580
Syrian Arab Republic,MIDDLE_EAST,2004,7320
Syrian Arab Republic,MIDDLE_EAST,2005,8490
Syrian Arab Republic,MIDDLE_EAST,2006,8450
Syrian Arab Republic,MIDDLE_EAST,2007,8060
Syrian Arab Republic,MIDDLE_EAST,2008,8800
Syrian Arab Republic,MIDDLE_EAST,2009,6540
Tajikistan,CENTRAL_ASIA,2002,0
Tajikistan,CENTRAL_ASIA,2003,0
Tajikistan,CENTRAL_ASIA,2004,3390
Tajikistan,CENTRAL_ASIA,2005,3780
Tajikistan,CENTRAL_ASIA,2006,7390
Tajikistan,CENTRAL_ASIA,2007,7410
Tajikistan,CENTRAL_ASIA,2008,7040
Tajikistan,CENTRAL_ASIA,2009,6490
Tanzania,SUB_SAHARAN,2002,370
Tanzania,SUB_SAHARAN,2003,450
Tanzania,SUB_SAHARAN,2004,530
Tanzania,SUB_SAHARAN,2005,580
Tanzania,SUB_SAHARAN,2006,540
Tanzania,SUB_SAHARAN,2007,510
Tanzania,SUB_SAHARAN,2008,470
Tanzania,SUB_SAHARAN,2009,750
Thailand,SOUTH_ASIA,2002,11050
Thailand,SOUTH_ASIA,2003,14920
Thailand,SOUTH_ASIA,2004,13170
Thailand,SOUTH_ASIA,2005,11270
Thailand,SOUTH_ASIA,2006,11740
Thailand,SOUTH_ASIA,2007,12500
Thailand,SOUTH_ASIA,2008,13050
Thailand,SOUTH_ASIA,2009,12210
Togo,SUB_SAHARAN,2002,520
Togo,SUB_SAHARAN,2003,750
Togo,SUB_SAHARAN,2004,340
Togo,SUB_SAHARAN,2005,970
Togo,SUB_SAHARAN,2006,550
Togo,SUB_SAHARAN,2007,630
Togo,SUB_SAHARAN,2008,0
Togo,SUB_SAHARAN,2009,620
Tonga,OCEANIA,2002,1290
Tonga,OCEANIA,2003,30150
Tonga,OCEANIA,2004,9810
Tonga,OCEANIA,2005,9500
Tonga,OCEANIA,2006,4890
Tonga,OCEANIA,2007,1010
Tonga,OCEANIA,2008,1080
Tonga,OCEANIA,2009,27780
Trinidad and Tobago,MIDDLE_AMERICA,2002,79670
Trinidad and Tobago,MIDDLE_AMERICA,2003,15070
Trinidad and Tobago,MIDDLE_AMERICA,2004,8490
Trinidad and Tobago,MIDDLE_AMERICA,2005,16080
Trinidad and Tobago,MIDDLE_AMERICA,2006,93980
Trinidad and Tobago,MIDDLE_AMERICA,2007,6780
Trinidad and Tobago,MIDDLE_AMERICA,2008,86800
Trinidad and Tobago,MIDDLE_AMERICA,2009,27500
Tunisia,MIDDLE_EAST,2002,2520
Tunisia,MIDDLE_EAST,2003,3630
Tunisia,MIDDLE_EAST,2004,3610
Tunisia,MIDDLE_EAST,2005,6410
Tunisia,MIDDLE_EAST,2006,3450
Tunisia,MIDDLE_EAST,2007,2710
Tunisia,MIDDLE_EAST,2008,3440
Tunisia,MIDDLE_EAST,2009,4350
Turkey,MIDDLE_EAST,2002,7280
Turkey,MIDDLE_EAST,2003,8430
Turkey,MIDDLE_EAST,2004,8560
Turkey,MIDDLE_EAST,2005,8680
Turkey,MIDDLE_EAST,2006,9180
Turkey,MIDDLE_EAST,2007,9030
Turkey,MIDDLE_EAST,2008,7200
Turkey,MIDDLE_EAST,2009,10460
Turkmenistan,CENTRAL_ASIA,2002,0
Turkmenistan,CENTRAL_ASIA,2003,0
Turkmenistan,CENTRAL_ASIA,2004,0
Turkmenistan,CENTRAL_ASIA,2005,0
Turkmenistan,CENTRAL_ASIA,2006,0
Turkmenistan,CENTRAL_ASIA,2007,0
Turkmenistan,CENTRAL_ASIA,2008,0
Turkmenistan,CENTRAL_ASIA,2009,0
Uganda,SUB_SAHARAN,2002,130
Uganda,SUB_SAHARAN,2003,160
Uganda,SUB_SAHARAN,2004,150
Uganda,SUB_SAHARAN,2005,100
Uganda,SUB_SAHARAN,2006,130
Uganda,SUB_SAHARAN,2007,120
Uganda,SUB_SAHARAN,2008,290
Uganda,SUB_SAHARAN,2009,210
Ukraine,EUROPE,2002,1590
Ukraine,EUROPE,2003,1580
Ukraine,EUROPE,2004,1640
Ukraine,EUROPE,2005,1720
Ukraine,EUROPE,2006,2160
Ukraine,EUROPE,2007,2760
Ukraine,EUROPE,2008,3280
Ukraine,EUROPE,2009,2730
United Arab Emirates,MIDDLE_EAST,2002,67230
United Arab Emirates,MIDDLE_EAST,2003,93940
United Arab Emirates,MIDDLE_EAST,2004,49560
United Arab Emirates,MIDDLE_EAST,2005,21850
United Arab Emirates,MIDDLE_EAST,2006,91150
United Arab Emirates,MIDDLE_EAST,2007,110490
United Arab Emirates,MIDDLE_EAST,2008,42360
United Arab Emirates,MIDDLE_EAST,2009,132480
United Kingdom,EUROPE,2002,31910
United Kingdom,EUROPE,2003,31420
United Kingdom,EUROPE,2004,28730
United Kingdom,EUROPE,2005,27280
United Kingdom,EUROPE,2006,25420
United Kingdom,EUROPE,2007,25410
United Kingdom,EUROPE,2008,20820
United Kingdom,EUROPE,2009,23990
United States,UNITED_STATES,2002,11250
United States,UNITED_STATES,2003,11960
United States,UNITED_STATES,2004,12270
United States,UNITED_STATES,2005,11860
United States,UNITED_STATES,2006,12620
United States,UNITED_STATES,2007,12330
United States,UNITED_STATES,2008,11240
United States,UNITED_STATES,2009,10850
Uruguay,SOUTH_AMERICA,2002,6100
Uruguay,SOUTH_AMERICA,2003,11060
Uruguay,SOUTH_AMERICA,2004,13000
Uruguay,SOUTH_AMERICA,2005,14060
Uruguay,SOUTH_AMERICA,2006,14870
Uruguay,SOUTH_AMERICA,2007,13950
Uruguay,SOUTH_AMERICA,2008,10440
Uruguay,SOUTH_AMERICA,2009,9390
Uzbekistan,CENTRAL_ASIA,2002,0
Uzbekistan,CENTRAL_ASIA,2003,0
Uzbekistan,CENTRAL_ASIA,2004,0
Uzbekistan,CENTRAL_ASIA,2005,0
Uzbekistan,CENTRAL_ASIA,2006,16250
Uzbekistan,CENTRAL_ASIA,2007,16670
Uzbekistan,CENTRAL_ASIA,2008,17300
Uzbekistan,CENTRAL_ASIA,2009,19330
Venezuela,SOUTH_AMERICA,2002,14440
Venezuela,SOUTH_AMERICA,2003,16890
Venezuela,SOUTH_AMERICA,2004,15950
Venezuela,SOUTH_AMERICA,2005,16680
Venezuela,SOUTH_AMERICA,2006,12270
Venezuela,SOUTH_AMERICA,2007,13550
Venezuela,SOUTH_AMERICA,2008,17800
Venezuela,SOUTH_AMERICA,2009,16620
Vietnam,EAST_ASIA,2002,30500
Vietnam,EAST_ASIA,2003,34230
Vietnam,EAST_ASIA,2004,40390
Vietnam,EAST_ASIA,2005,29230
Vietnam,EAST_ASIA,2006,30020
Vietnam,EAST_ASIA,2007,35300
Vietnam,EAST_ASIA,2008,30570
Vietnam,EAST_ASIA,2009,40770
Yemen,MIDDLE_EAST,2002,820
Yemen,MIDDLE_EAST,2003,450
Yemen,MIDDLE_EAST,2004,1370
Yemen,MIDDLE_EAST,2005,380
Yemen,MIDDLE_EAST,2006,840
Yemen,MIDDLE_EAST,2007,2140
Yemen,MIDDLE_EAST,2008,1460
Yemen,MIDDLE_EAST,2009,1200
Zambia,SUB_SAHARAN,2002,2610
Zambia,SUB_SAHARAN,2003,2620
Zambia,SUB_SAHARAN,2004,2990
Zambia,SUB_SAHARAN,2005,2800
Zambia,SUB_SAHARAN,2006,2570
Zambia,SUB_SAHARAN,2007,3230
Zambia,SUB_SAHARAN,2008,3870
Zambia,SUB_SAHARAN,2009,2580
Zimbabwe,SUB_SAHARAN,2002,3570
Zimbabwe,SUB_SAHARAN,2003,4000
Zimbabwe,SUB_SAHARAN,2004,2270
Zimbabwe,SUB_SAHARAN,2005,2180
Zimbabwe,SUB_SAHARAN,2006,3240
Zimbabwe,SUB_SAHARAN,2007,2700
Zimbabwe,SUB_SAHARAN,2008,2200
Zimbabwe,SUB_SAHARAN,2009,2880
